[
    {
        "id": "book5",
        "title": "City of the Gods",
        "author": "Sonny Whitelaw",
        "description": "Notes about Argos, the planet originally under the control of the Goa'uld Pelops...",
        "year": 2005,
        "image": "book_cover_2.png",
        "planet": "P3X-8596",
        "ratings": [
            4,
            5,
            3,
            4,
            5,
            5,
            1,
            5
        ],
        "reviews": [
            {
                "user": "madina",
                "review": "Very intriguing story with a lot of depth.",
                "rating": 4
            },
            {
                "user": "john",
                "review": "Good read, but a bit complex at times.",
                "rating": 2
            },
            {
                "user": "madina",
                "review": "best",
                "rating": 3
            },
            {
                "user": "madina",
                "review": "like the author",
                "rating": 4
            },
            {
                "user": "madina",
                "review": "bad",
                "rating": 4
            },
            {
                "user": "user1",
                "review": "good",
                "rating": 5
            }
        ],
        "genre": "Adventure"
    },
    {
        "id": "book4",
        "title": "The Power Behind The Throne",
        "author": "Steven Savile",
        "description": "P3X-797 is a world divided into a dark and light side...",
        "year": 2007,
        "image": "book_cover_1.png",
        "planet": "P3X-797",
        "ratings": [
            5,
            4,
            4,
            5,
            3,
            5,
            1
        ],
        "reviews": [
            {
                "user": "madina",
                "review": "Fascinating world-building and characters."
            },
            {
                "user": "jane",
                "review": "Enjoyed the contrast between the light and dark sides of the planet."
            },
            {
                "user": "madina",
                "review": "gooooooooood"
            },
            {
                "user": "madina",
                "review": "just to check",
                "rating": 1
            }
        ],
        "genre": "Adventure"
    },
    {
        "id": "book0",
        "title": "The Duke and I",
        "author": "Julia Quinn",
        "description": "In the ballrooms and drawing rooms of Regency London...",
        "year": 2000,
        "image": "book_cover_3.png",
        "planet": "P1X-1001",
        "ratings": [
            5,
            4,
            4,
            5,
            1,
            5,
            1,
            5,
            5
        ],
        "reviews": [
            {
                "user": "madina",
                "review": "Charming and delightful. A must-read for Regency romance lovers."
            },
            {
                "user": "john",
                "review": "A good start to the series, very engaging."
            },
            {
                "user": "madina",
                "review": "bad"
            },
            {
                "user": "Gojo",
                "review": "not bad"
            },
            {
                "user": "madina",
                "review": "qwert"
            },
            {
                "user": "madina",
                "review": "can you add demon slayer"
            },
            {
                "user": "user1",
                "review": "best",
                "rating": 5
            }
        ],
        "genre": "Romance"
    },
    {
        "id": "book1",
        "title": "The Viscount Who Loved Me",
        "author": "Julia Quinn",
        "description": "Anthony Bridgerton hasn't just decided to marry...",
        "year": 2000,
        "image": "book_cover_4.png",
        "planet": "P1X-1002",
        "ratings": [
            5,
            4,
            5,
            4,
            1,
            5,
            5
        ],
        "reviews": [
            {
                "user": "madina",
                "review": "Even better than the first!"
            },
            {
                "user": "jane",
                "review": "Kate and Anthony are a wonderful match, loved their banter."
            },
            {
                "user": "madina",
                "review": "bad"
            },
            {
                "user": "Gojo",
                "review": "colin is better"
            },
            {
                "user": "user1",
                "review": "good"
            }
        ],
        "genre": "Romance"
    },
    {
        "id": "book2",
        "title": "An Offer From a Gentleman",
        "author": "Julia Quinn",
        "description": "Sophie Beckett never dreamed she had be able to sneak into Lady Bridgerton has famed masquerade ball...",
        "year": 2001,
        "image": "book_cover_5.png",
        "planet": "P1X-1003",
        "ratings": [
            4,
            3,
            4,
            5,
            4,
            5
        ],
        "reviews": [
            {
                "user": "madina",
                "review": "A Cinderella story with a twist, very enjoyable."
            },
            {
                "user": "john",
                "review": "Benedict is a charming character. A solid installment."
            },
            {
                "user": "Gojo",
                "review": "ok, but story of me and geto is better"
            },
            {
                "user": "user1",
                "review": "another cinderella story"
            }
        ],
        "genre": "Romance"
    },
    {
        "id": "book3",
        "title": "Romancing Mister Bridgerton",
        "author": "Julia Quinn",
        "description": "Everyone knows that Colin Bridgerton is the most charming man in London...",
        "year": 2002,
        "image": "book_cover_6.png",
        "planet": "P1X-1004",
        "ratings": [
            5,
            4,
            4,
            5,
            3,
            1,
            5
        ],
        "reviews": [
            {
                "user": "madina",
                "review": "Colin and Penelope's story is heartwarming and sweet."
            },
            {
                "user": "jane",
                "review": "A delightful read with a lot of heart."
            },
            {
                "user": "madina",
                "review": "i hope, didnt read it"
            },
            {
                "user": "user1",
                "review": "i enjoyed it",
                "rating": 5
            }
        ],
        "genre": "Romance"
    },
    {
        "id": "book6",
        "title": "Atomic Habits",
        "author": "James Clear",
        "description": "A supremely practical and useful book. James Clear distils the most fundamental information about habit formation, so you can accomplish more by focusing on less.",
        "year": 2018,
        "image": "https:\/\/m.media-amazon.com\/images\/I\/61dPufe7aeL._AC_UF1000,1000_QL80_.jpg",
        "planet": "P1X-7877",
        "reviews": [
            {
                "user": "user1",
                "review": "good one",
                "rating": 5
            },
            {
                "user": "user2",
                "review": "Too long",
                "rating": 3
            }
        ],
        "ratings": [
            5,
            3
        ]
    },
    {
        "id": "book7",
        "title": "Jujutsu Kaisen",
        "author": "Genius",
        "description": "About Great Gojo satory",
        "year": 2009,
        "image": "https:\/\/imgsrv.crunchyroll.com\/cdn-cgi\/image\/fit=contain,format=auto,quality=85,width=480,height=720\/catalog\/crunchyroll\/e4e80c83c792d81c138e320874dbdffc.jpe",
        "planet": "P1X-9999",
        "genre": "Manga",
        "reviews": [
            {
                "user": "user1",
                "review": "best of the best",
                "rating": 5
            }
        ],
        "ratings": [
            5
        ]
    },
    {
        "id": "book8",
        "title": "Naruto",
        "author": "Kishimoto",
        "description": "Naruto Uzumaki, is a loud, hyperactive, adolescent ninja who constantly searches for approval and recognition on his journey to becoming Hokage in his village.",
        "year": 2007,
        "image": "https:\/\/m.media-amazon.com\/images\/M\/MV5BZGFiMWFhNDAtMzUyZS00NmQ2LTljNDYtMmZjNTc5MDUxMzViXkEyXkFqcGdeQXVyNjAwNDUxODI@._V1_FMjpg_UX1000_.jpg",
        "planet": "P1X-9898",
        "genre": "Manga"
    }
]