[
    {
        "username": "madina",
        "email": "madi.hurova04022003@gmail.com",
        "password": "$2y$10$4qwZtgKQgijQ4qQh6MB6vuSmiWIrYPwSa4zhPAzE1LBd9HSXmrSj6",
        "last_login": "2024-06-11 12:31:31",
        "is_admin": false,
        "read_books": [
            {
                "id": "book5",
                "time_read": "2024-06-11T10:53:49+00:00"
            },
            {
                "id": "book4",
                "time_read": "2024-06-11T09:58:01+00:00"
            },
            {
                "id": "book2",
                "time_read": "2024-06-11T09:59:23+00:00"
            },
            {
                "id": "book3",
                "time_read": "2024-06-11T10:53:58+00:00"
            },
            {
                "id": "book0",
                "time_read": "2024-06-11T10:16:46+00:00"
            },
            {
                "id": "book4",
                "time_read": "2024-06-11T10:31:09+00:00"
            },
            {
                "id": "book4",
                "time_read": "2024-06-11T10:31:15+00:00"
            },
            {
                "id": "book4",
                "time_read": "2024-06-11T10:31:17+00:00"
            },
            {
                "id": "book4",
                "time_read": "2024-06-11T10:31:18+00:00"
            },
            {
                "id": "book4",
                "time_read": "2024-06-11T10:31:20+00:00"
            },
            {
                "id": "book1",
                "time_read": "2024-06-11T10:53:39+00:00"
            },
            {
                "id": "book6",
                "time_read": "2024-06-11T10:58:30+00:00"
            }
        ]
    },
    {
        "username": "admin",
        "email": "admin@gmail.com",
        "password": "$2y$10$Av.vx3Z.TULfVf4U9l7sB.KfFJPY4G8ex72cAgEvg9nr8X2bfB786",
        "last_login": "2024-06-11 16:41:51",
        "is_admin": true,
        "read_books": []
    },
    {
        "username": "Gojo",
        "email": "gojo@jut.com",
        "password": "$2y$10$2vfnw1a3Y.94H6tm84aCH.eyf3fjbN6Eq4i.WdkRdSeGM2Ta3HeN2",
        "last_login": "2024-06-09 11:45:41",
        "is_admin": false,
        "read_books": [
            {
                "id": "book6",
                "time_read": "2024-05-20T17:00:00Z"
            },
            {
                "id": "book4",
                "time_read": "2024-06-09T11:17:16+00:00"
            },
            {
                "id": "book1",
                "time_read": "2024-06-09T11:18:12+00:00"
            },
            {
                "id": "book2",
                "time_read": "2024-06-09T11:46:49+00:00"
            },
            {
                "id": "book0",
                "time_read": "2024-06-09T11:54:52+00:00"
            }
        ]
    },
    {
        "username": "user1",
        "email": "user1@gmail.com",
        "password": "$2y$10$Bw\/Jwz9zcVBqoeZ.wvyIEexew8afNw6isLHKFDwpgunHXdouoaMwa",
        "last_login": "2024-06-11 16:46:06",
        "is_admin": false,
        "read_books": [
            {
                "id": "book6",
                "time_read": "2024-06-11T13:43:37+00:00"
            },
            {
                "id": "book1",
                "time_read": "2024-06-11T11:03:18+00:00"
            },
            {
                "id": "book2",
                "time_read": "2024-06-11T11:20:16+00:00"
            },
            {
                "id": "book5",
                "time_read": "2024-06-11T11:27:14+00:00"
            },
            {
                "id": "book0",
                "time_read": "2024-06-11T11:30:39+00:00"
            },
            {
                "id": "book3",
                "time_read": "2024-06-11T14:54:26+00:00"
            },
            {
                "id": "book7",
                "time_read": "2024-06-11T15:54:12+00:00"
            }
        ]
    },
    {
        "username": "user2",
        "email": "user2@gmail.com",
        "password": "$2y$10$eRGKdDJSDFqHQ8pXUr\/LAehs6b4ndpAooggdCIK9k1\/aemBoNJzU.",
        "last_login": "2024-06-11 16:31:30",
        "is_admin": false,
        "read_books": [
            {
                "id": "book6",
                "time_read": "2024-06-11T18:29:33+02:00"
            },
            {
                "id": "book6",
                "time_read": "2024-06-11T18:29:45+02:00"
            }
        ]
    }
]